{"cameraMode":{"drawMode":0,"name":"Shaded","section":"Shading Mode"},"sceneLighting":true,"audioPlay":false,"sceneViewState":{"showFog":true,"showMaterialUpdate":false,"showSkybox":true,"showFlares":true,"showImageEffects":true,"showParticleSystems":true},"in2DMode":false,"pivot":{"x":13.708700180053711,"y":0.8554344177246094,"z":1.9138545989990235},"rotation":{"x":0.06785029172897339,"y":0.884970486164093,"z":-0.1364670842885971,"w":0.43999966979026797},"size":21.95934295654297,"orthographic":false}