{"cameraMode":{"drawMode":0,"name":"Shaded","section":"Shading Mode"},"sceneLighting":true,"audioPlay":false,"sceneViewState":{"showFog":true,"showMaterialUpdate":false,"showSkybox":true,"showFlares":true,"showImageEffects":true,"showParticleSystems":true},"in2DMode":false,"pivot":{"x":-16.559999465942384,"y":5.309999942779541,"z":4.389999866485596},"rotation":{"x":0.06785029172897339,"y":0.884970486164093,"z":-0.1364670842885971,"w":0.43999966979026797},"size":22.0,"orthographic":false}