{"cameraMode":{"drawMode":0,"name":"Shaded","section":"Shading Mode"},"sceneLighting":true,"audioPlay":false,"sceneViewState":{"showFog":true,"showMaterialUpdate":false,"showSkybox":true,"showFlares":true,"showImageEffects":true,"showParticleSystems":true},"in2DMode":false,"pivot":{"x":8.486400604248047,"y":-4.148961067199707,"z":-6.994967937469482},"rotation":{"x":0.008561952039599419,"y":-0.9789660573005676,"z":0.19946563243865968,"w":0.04202166199684143},"size":17.192150115966798,"orthographic":false}